"month","total_sale_amount"
"2023-06","40198.4374381306905"
"2023-07","48231.3631944934709"
"2023-08","37946.97657746076874"
"2023-09","36505.91659521856139"
"2023-10","43605.6906762113076"
"2023-11","34401.40253121347268"
"2023-12","50745.3433386231285"
"2024-01","45015.7606634651600"
"2024-02","43190.58137426690144"
"2024-03","37012.61307226955205"
"2024-04","37335.3225017193164"
"2024-05","39141.5997672938484"
