"salesperson_id","total_sales"
24,"3225.345406767727"
28,"3072.509199838880"
22,"3043.502662757527"
